borough,house,street_name,block,lot,bin,community_board,sign_illumination,sign_type,sign_height_roof,sign_height_curb,sign_weight,sign_sq_footage,sign_near_park,sign_dist_from_highway,sign_dist_from_park,text_on_sign,sign_near_highway,landmarked,sector,Latitude,Longitude,zone_id
MANHATTAN,1313        ,BROADWAY                        ,810,40,1015220,105,,WALL,0,1042,0,1726,N,0,0,,,,Others,40.750131447382216,-73.98812945308654,100
MANHATTAN,1604        ,BROADWAY                        ,1020,38,1024779,105,Y,WALL,0,775,0,846,N,0,0,,,,Others,40.760448486082694,-73.98428686694102,230
MANHATTAN,154         ,GRAND STREET                    ,472,28,1007009,102,,WALL,0,864,0,600,N,0,0,,,Y,Others,40.720238942020494,-73.9986543848974,144
MANHATTAN,52          ,THOMPSON STREET                 ,488,7501,1007320,102,Y,WALL,0,6,0,264,N,0,0,,,,Others,40.723785130998955,-74.0032794348913,211
MANHATTAN,52          ,THOMPSON STREET                 ,488,7501,1007320,102,Y,WALL,0,4,0,349,N,0,0,,,,Others,40.723785130998955,-74.0032794348913,211
MANHATTAN,125         ,ORCHARD STREET                  ,415,74,1005505,103,Y,WALL,0,140,0,79,N,0,0,,,,Others,40.71958249562681,-73.98974384432879,148
MANHATTAN,18          ,9 AVENUE                        ,628,4,1087054,102,Y,WALL,0,300,0,495,N,0,0,,,,Others,40.73982263933107,-74.00567994828675,158
MANHATTAN,60          ,GRAND STREET                    ,475,7510,1007075,102,,WALL,0,439,0,1329,N,0,0,,,Y,Others,40.72240177163643,-74.00332626645526,211
MANHATTAN,416         ,LAFAYETTE STREET                ,545,46,1008805,102,,WALL,0,720,0,270,N,0,0,,,Y,Others,40.728807860551484,-73.9928489220352,113
MANHATTAN,226         ,WEST 52ND STREET                ,1023,18,1024817,105,Y,WALL,0,930,0,443,N,0,0,,,,Others,40.762517947729194,-73.98374851297378,230
MANHATTAN,226         ,WEST 52ND STREET                ,1023,18,1024817,105,Y,WALL,0,930,0,1234,N,0,0,,,,Others,40.762517947729194,-73.98374851297378,230
MANHATTAN,226         ,WEST 52ND STREET                ,1023,18,1024817,105,Y,WALL,0,1031,0,941,N,0,0,,,,Others,40.762517947729194,-73.98374851297378,230
MANHATTAN,226         ,WEST 52ND STREET                ,1023,18,1024817,105,Y,WALL,0,918,0,765,N,0,0,,,,Others,40.762517947729194,-73.98374851297378,230
MANHATTAN,226         ,WEST 52ND STREET                ,1023,18,1024817,105,Y,WALL,0,918,0,985,N,0,0,,,,Others,40.762517947729194,-73.98374851297378,230
MANHATTAN,90          ,5TH AVE                         ,816,37,1015291,105,Y,WALL,0,85,0,9,N,0,0,,,,Others,40.736366967045434,-73.9937574327082,234
MANHATTAN,90          ,FIFTH AVE                       ,816,37,1015291,105,Y,WALL,0,156,0,38,N,0,0,,,,Others,40.736366967045434,-73.9937574327082,234
MANHATTAN,104         ,GREENE STREET                   ,499,7,1007605,102,Y,WALL,0,48,0,15,N,0,0,,,Y,Others,40.72436706479462,-73.99940832561232,211
MANHATTAN,1441        ,BROADWAY                        ,993,55,1022569,105,Y,WALL,0,120,0,124,N,0,0,,,,Others,40.75499778022702,-73.98716847759518,100
MANHATTAN,1441        ,BROADWAY                        ,993,55,1022569,105,Y,WALL,0,120,0,645,N,0,0,,,,Others,40.75499778022702,-73.98716847759518,100
MANHATTAN,1441        ,BROADWAY                        ,993,55,1022569,105,Y,WALL,0,120,0,242,N,0,0,,,,Others,40.75499778022702,-73.98716847759518,100
MANHATTAN,104         ,GREENE STREET                   ,499,7,1007605,102,Y,WALL,0,48,0,15,N,0,0,,,Y,Others,40.72436706479462,-73.99940832561232,211
MANHATTAN,1441        ,BROADWAY                        ,993,55,1022569,105,Y,WALL,0,120,0,720,N,0,0,,,,Others,40.75499778022702,-73.98716847759518,100
MANHATTAN,1441        ,BROADWAY                        ,993,55,1022569,105,Y,WALL,0,120,0,124,N,0,0,,,,Others,40.75499778022702,-73.98716847759518,100
MANHATTAN,701         ,7 AVENUE                        ,1000,1,1083718,105,Y,WALL,0,325,0,959,N,0,0,,,,Others,40.759229794116976,-73.98409945216702,230
MANHATTAN,246         ,WEST 44TH STREET                ,1015,54,1024709,105,Y,WALL,0,154,0,85,N,0,0,,,Y,Others,40.757995147769435,-73.98815692841956,230
MANHATTAN,246         ,WEST 44TH STREET                ,1015,54,1024709,105,Y,WALL,0,154,0,85,N,0,0,,,Y,Others,40.757995147769435,-73.98815692841956,230
MANHATTAN,231         ,LENOX AVENUE                    ,1906,33,1057688,110,,WALL,0,108,0,5,N,0,0,,,Y,Others,40.80570099915215,-73.94746807577181,41
MANHATTAN,180         ,CENTRE STREET                   ,207,8,1801479,102,,GROUND,0,96,0,144,N,0,0,,,,Others,40.71846034507322,-73.99958514314412,144
MANHATTAN,175         ,VARICK STREET                   ,580,65,1009754,102,,WALL,0,144,0,10,N,0,0,,,,Others,40.727402612470826,-74.00597474035722,125
MANHATTAN,101         ,W 145 ST                        ,2014,29,1081812,110,Y,WALL,0,447,0,247,N,0,0,,,,Others,40.82080789867336,-73.93646540440513,42
MANHATTAN,101         ,W 145 ST                        ,2014,29,1081812,110,Y,WALL,0,600,0,247,N,0,0,,,,Others,40.82080789867336,-73.93646540440513,42
MANHATTAN,150         ,LAFAYETTE ST                    ,233,2,1088790,102,Y,WALL,0,12,0,560,N,0,0,,,Y,Others,40.719775085479114,-73.99983766150622,144
MANHATTAN,220         ,SOUTH STREET                    ,250,1,1003205,103,,WALL,0,96,0,168,N,0,0,,,,Others,40.70965230123452,-73.99506926621173,45
MANHATTAN,220         ,SOUTH STREET                    ,250,1,1003205,103,,WALL,0,96,0,120,N,0,0,,,,Others,40.70965230123452,-73.99506926621173,45
MANHATTAN,21          ,DOMINICK STREET                 ,579,30,1009740,102,,GROUND,0,116,0,180,N,0,0,,,,Others,40.72539068985681,-74.00627400954473,125
MANHATTAN,21          ,DOMINICK STREET                 ,579,30,1009740,102,,GROUND,0,116,0,180,N,0,0,,,,Others,40.72539068985681,-74.00627400954473,125
MANHATTAN,111         ,VARICK STREET                   ,578,71,1009730,102,Y,WALL,0,216,0,540,N,0,0,,,,Others,40.724526,-74.006361,125
MANHATTAN,1889        ,BROADWAY                        ,1115,57,1027465,107,Y,ROOF,114,2251,0,652,N,0,0,,,,Others,40.771350368588884,-73.98268131436191,142
MANHATTAN,1889        ,BROADWAY                        ,1115,57,1027465,107,Y,ROOF,145,2251,0,652,N,0,0,,,,Others,40.771350368588884,-73.98268131436191,142
MANHATTAN,157         ,VARICK STREET                   ,580,22,1080159,102,,WALL,0,144,0,90,N,0,0,,,,Others,40.72669720247401,-74.00611899298556,125
MANHATTAN,6           ,WATER STREET                    ,8,51,1000017,101,,WALL,0,180,0,15,N,0,0,,,,Others,40.702905,-74.012262,88
MANHATTAN,6           ,WATER STREET                    ,8,51,1000017,101,,WALL,0,180,0,15,N,0,0,,,,Others,40.702905,-74.012262,88
MANHATTAN,507         ,WEST 21 STREET                  ,693,28,1810041,104,,GROUND,0,144,0,120,N,0,0,,,,Others,40.746602178619085,-74.00555782115401,246
MANHATTAN,506         ,WEST 22 STREET                  ,693,28,1809984,104,,GROUND,0,144,0,144,N,0,0,,,,Others,40.74721702180992,-74.00513922750956,246
MANHATTAN,395         ,7TH AVE                         ,807,1,1015175,105,Y,WALL,0,253,0,194,N,0,0,,,,Others,40.74914635628921,-73.99117211056222,186
MANHATTAN,395         ,7TH AVE                         ,807,1,1015175,105,Y,WALL,0,253,0,194,N,0,0,,,,Others,40.74914635628921,-73.99117211056222,186
MANHATTAN,395         ,7TH AVE                         ,807,1,1015175,105,Y,WALL,0,253,0,194,N,0,0,,,,Others,40.74914635628921,-73.99117211056222,186
MANHATTAN,395         ,7TH AVE                         ,807,1,1015175,105,Y,WALL,0,253,0,194,N,0,0,,,,Others,40.74914635628921,-73.99117211056222,186
MANHATTAN,395         ,7TH AVE                         ,807,1,1015175,105,Y,WALL,0,176,0,194,N,0,0,,,,Others,40.74914635628921,-73.99117211056222,186
MANHATTAN,591         ,LEXINGTON AVE                   ,1306,50,1036464,106,Y,WALL,0,246,0,15,N,0,0,,,,Others,40.757500865924115,-73.97127507903947,162
MANHATTAN,531         ,WEST 21 STREET                  ,693,14,1012309,104,,WALL,0,182,0,72,N,0,0,,,,Others,40.74727184291303,-74.00659005418409,246
MANHATTAN,531         ,WEST 21 STREET                  ,693,14,1012309,104,,WALL,0,137,0,96,N,0,0,,,,Others,40.74727184291303,-74.00659005418409,246
MANHATTAN,18          ,9 AVENUE                        ,628,4,1087054,102,,WALL,0,12,0,165,N,0,0,,,,Others,40.73982263933107,-74.00567994828675,158
MANHATTAN,258         ,SPRING STREET                   ,579,30,1009740,102,,GROUND,0,116,0,180,N,0,0,,,,Others,40.72539068985681,-74.00627400954473,125
MANHATTAN,434         ,BROADWAY                        ,232,1,1003025,102,,WALL,0,204,0,91,N,0,0,,,Y,Others,40.71992329763694,-74.00106782891153,144
MANHATTAN,434         ,BROADWAY                        ,232,1,1003025,102,,WALL,0,204,0,310,N,0,0,,,Y,Others,40.71992329763694,-74.00106782891153,144
MANHATTAN,642         ,9 AVENUE                        ,1036,1,1025002,104,Y,WALL,0,126,0,19,N,0,0,,,,Others,40.7603229360586,-73.99084936432786,48
MANHATTAN,642         ,9 AVENUE                        ,1036,1,1025002,104,Y,WALL,0,134,0,7,N,0,0,,,,Others,40.7603229360586,-73.99084936432786,48
MANHATTAN,1691        ,BROADWAY                        ,1025,19,1024835,105,,WALL,0,660,0,480,N,0,0,,,,Others,40.76362671156525,-73.98297211450617,230
MANHATTAN,1691        ,BROADWAY                        ,1025,19,1024835,105,,WALL,0,660,0,420,N,0,0,,,,Others,40.76362671156525,-73.98297211450617,230
MANHATTAN,30          ,WEST 13TH STREET                ,576,22,1077928,102,Y,WALL,0,120,0,15,N,0,0,,,,Others,40.73577968955486,-73.99599829704903,113
MANHATTAN,640         ,8TH AVE                         ,1013,7501,1087978,105,Y,WALL,0,492,0,148,N,0,0,,,,Others,40.756639382269334,-73.98959014836083,100
MANHATTAN,640         ,8TH AVE                         ,1013,7501,1087978,105,Y,WALL,0,463,0,148,N,0,0,,,,Others,40.756639382269334,-73.98959014836083,100
MANHATTAN,640         ,8TH AVE                         ,1013,7501,1087978,105,Y,WALL,0,492,0,1167,N,0,0,,,,Others,40.756639382269334,-73.98959014836083,100
MANHATTAN,180         ,CENTRE STREET                   ,207,8,1801479,102,,GROUND,0,240,0,216,N,0,0,,,,Others,40.71846034507322,-73.99958514314412,144
MANHATTAN,180         ,CENTRE STREET                   ,207,8,1801479,102,,GROUND,0,120,0,108,N,0,0,,,,Others,40.71846034507322,-73.99958514314412,144
MANHATTAN,640         ,8TH AVE                         ,1013,7501,1087978,105,Y,WALL,0,504,0,1167,N,0,0,,,,Others,40.756639382269334,-73.98959014836083,100
MANHATTAN,1           ,TIMES SQUARE                    ,995,1,1022581,105,Y,WALL,0,1074,0,1800,N,0,0,,,,Others,40.75619716146505,-73.98653297549244,230
MANHATTAN,1214        ,BROADWAY                        ,831,59,1080723,105,,WALL,0,496,0,395,N,0,0,,,,Others,40.74645897375466,-73.98812649848354,164
MANHATTAN,1214        ,BROADWAY                        ,831,59,1080723,105,,WALL,0,496,0,151,N,0,0,,,,Others,40.74645897375466,-73.98812649848354,164
MANHATTAN,1214        ,BROADWAY                        ,831,59,1080723,105,,WALL,0,496,0,420,N,0,0,,,,Others,40.74645897375466,-73.98812649848354,164
MANHATTAN,239         ,W 45TH ST                       ,1017,11,1024726,105,,WALL,0,576,0,840,N,0,0,,,Y,Others,40.75888433618021,-73.9871424614014,230
MANHATTAN,341         ,7 AVENUE                        ,805,1,1015135,105,Y,WALL,0,12,0,312,N,0,0,,,,Others,40.74783995469705,-73.99256898286944,186
MANHATTAN,249         ,W 45TH ST                       ,1017,10,1024725,105,,WALL,0,480,0,2759,N,0,0,,,Y,Others,40.759156065842355,-73.98714240894864,230
MANHATTAN,249         ,W 45TH ST                       ,1017,10,1024725,105,,WALL,0,600,0,1368,N,0,0,,,Y,Others,40.759156065842355,-73.98714240894864,230
MANHATTAN,249         ,W 45TH ST                       ,1017,10,1024725,105,,WALL,0,185,0,968,N,0,0,,,Y,Others,40.759156065842355,-73.98714240894864,230
MANHATTAN,461         ,8TH AVENUE                      ,757,31,1013547,104,Y,WALL,0,102,0,9,N,0,0,,,,Others,40.75198735537073,-73.99406636583285,68
MANHATTAN,461         ,8TH AVENUE                      ,757,31,1013547,104,Y,WALL,0,93,0,23,N,0,0,,,,Others,40.75198735537073,-73.99406636583285,68
MANHATTAN,1515        ,BROADWAY                        ,1016,36,1024714,105,Y,WALL,0,195,0,1830,N,0,0,,,,Others,40.75792908445126,-73.98643877603166,230
MANHATTAN,1515        ,BROADWAY                        ,1016,36,1024714,105,Y,WALL,0,195,0,498,N,0,0,,,,Others,40.75792908445126,-73.98643877603166,230
MANHATTAN,1515        ,BROADWAY                        ,1016,36,1024714,105,Y,WALL,0,147,0,72,N,0,0,,,,Others,40.75792908445126,-73.98643877603166,230
MANHATTAN,1515        ,BROADWAY                        ,1016,36,1024714,105,Y,WALL,0,147,0,247,N,0,0,,,,Others,40.75792908445126,-73.98643877603166,230
MANHATTAN,213         ,W 30 ST                         ,780,26,1080560,105,,WALL,0,132,0,288,N,0,0,,,,Others,40.74899003048033,-73.99298751066362,186
MANHATTAN,130         ,BAXTER STREET                   ,207,13,1002666,102,,WALL,0,618,0,400,N,0,0,,,,Others,40.71836427441217,-73.99894662584947,144
MANHATTAN,310         ,WEST BROADWAY                   ,227,28,1087764,102,,GROUND,0,16,0,225,N,0,0,,,,Others,40.72211353132625,-74.00452038377826,211
MANHATTAN,310         ,WEST BROADWAY                   ,227,28,1087764,102,,GROUND,0,9,0,145,N,0,0,,,,Others,40.72211353132625,-74.00452038377826,211
MANHATTAN,310         ,WEST BROADWAY                   ,227,28,1087764,102,,GROUND,0,9,0,145,N,0,0,,,,Others,40.72211353132625,-74.00452038377826,211
MANHATTAN,310         ,WEST BROADWAY                   ,227,28,1087764,102,,GROUND,0,16,0,268,N,0,0,,,,Others,40.72211353132625,-74.00452038377826,211
MANHATTAN,145         ,WEST 44TH STREET                ,997,10,1085016,105,Y,WALL,0,1341,0,800,N,0,0,,,,Others,40.75715484130682,-73.98464498901467,230
MANHATTAN,1674        ,BROADWAY                        ,1024,131,1024831,105,Y,WALL,0,1080,0,640,N,0,0,,,,Others,40.76276484533407,-73.98285681962865,230
MANHATTAN,334         ,EAST 24 STREET                  ,929,38,1020597,106,,WALL,0,111,0,88,N,0,0,,,,Others,40.73761677887996,-73.9787279625476,107
MANHATTAN,334         ,EAST 24 STREET                  ,929,38,1020597,106,,WALL,0,114,0,93,N,0,0,,,,Others,40.73761677887996,-73.9787279625476,107
MANHATTAN,1181        ,BROADWAY                        ,829,57,1015698,105,,WALL,0,1380,0,2400,N,0,0,,,Y,Others,40.745248626733094,-73.989007286155,234
MANHATTAN,214         ,WEST 42ND STREET                ,1013,39,1024660,105,Y,WALL,0,1140,0,168,N,0,0,,,Y,Others,40.75592010907295,-73.98804540347948,100
MANHATTAN,250         ,E 58TH ST                       ,1331,28,1038605,106,,WALL,0,480,0,275,N,0,0,,,,Others,40.75999139446951,-73.96511946566211,229
MANHATTAN,35          ,GRAND STREET                    ,227,16,1002942,102,Y,WALL,0,176,0,188,N,0,0,,,,Others,40.72251975807954,-74.00445547325987,211
MANHATTAN,535         ,LA GUARDIA PLACE                ,533,10,1080076,102,,WALL,0,124,0,8,N,0,0,,,,Others,40.728484184372505,-73.99801921153899,114
MANHATTAN,110         ,LAFAYETTE ST                    ,196,22,1002348,101,,WALL,0,11,0,84,N,0,0,,,,Others,40.71816390688373,-74.00106058585355,231
MANHATTAN,11          ,FIFTH AVE                       ,566,1,1009222,102,Y,WALL,0,104,0,16,N,0,0,,,Y,Others,40.732354224880055,-73.99567015627956,113
MANHATTAN,41          ,GRAND STREET                    ,227,19,1002943,102,,WALL,0,384,0,135,N,0,0,,,,Others,40.72241820993319,-74.00424622189162,211
MANHATTAN,159         ,PRINCE ST                       ,516,42,1008037,102,Y,WALL,0,780,0,44,N,0,0,,,,Others,40.726123705295876,-74.00113647771319,211
MANHATTAN,145         ,SPRING ST                       ,501,33,1007718,102,,WALL,0,612,0,138,N,0,0,,,Y,Others,40.7243999971746,-74.00119778044993,211
MANHATTAN,669         ,2ND AVENUE                      ,917,28,1088557,106,Y,GROUND,0,120,0,672,N,0,0,,,,Others,40.74639925020388,-73.97508010476363,170
MANHATTAN,66          ,WEST BROADWAY                   ,132,1,1001418,101,,WALL,0,708,0,792,N,0,0,,,,Others,40.71467487660216,-74.01011832516518,231
MANHATTAN,15          ,WEST 39 STREET                  ,841,27,1016044,105,Y,WALL,0,108,0,96,N,0,0,,,,Others,40.752301960168396,-73.98341534190651,164
MANHATTAN,145         ,W 45 ST                         ,998,12,1022634,105,Y,WALL,0,720,0,700,N,0,0,,,,Others,40.75767904132499,-73.984301958551,230
MANHATTAN,145         ,W 45 ST                         ,998,12,1022634,105,Y,WALL,0,1200,0,300,N,0,0,,,,Others,40.75767904132499,-73.984301958551,230
MANHATTAN,120         ,PRINCE ST                       ,500,16,1089012,102,,WALL,0,360,0,330,N,0,0,,,Y,Others,40.725163045905305,-73.9999025890288,211
MANHATTAN,141         ,WEST 44TH STREET                ,997,10,1076172,105,Y,WALL,0,250,0,62,N,0,0,,,Y,Others,40.75715484130682,-73.98464498901467,230
MANHATTAN,141         ,WEST 44TH STREET                ,997,10,1076172,105,Y,WALL,0,250,0,62,N,0,0,,,Y,Others,40.75715484130682,-73.98464498901467,230
MANHATTAN,141         ,WEST 44TH STREET                ,997,10,1076172,105,,WALL,0,388,0,63,N,0,0,,,Y,Others,40.75715484130682,-73.98464498901467,230
MANHATTAN,141         ,WEST 44TH STREET                ,997,10,1076172,105,,WALL,0,388,0,63,N,0,0,,,Y,Others,40.75715484130682,-73.98464498901467,230
MANHATTAN,228         ,WEST 72ND STREET                ,1163,48,1030427,107,,WALL,0,180,0,42,N,0,0,,,Y,Others,40.77895062094333,-73.9831812288382,143
MANHATTAN,305         ,WEST 46TH STREET                ,1037,34,1089717,104,Y,GROUND,0,87,0,24,N,0,0,,,,Others,40.760240349125766,-73.98816374863821,48
MANHATTAN,240         ,EAST 31 STREET                  ,911,44,1019961,106,Y,WALL,0,51,0,12,N,0,0,,,,Others,40.74297990743217,-73.97810914903911,137
MANHATTAN,535         ,8TH AVENUE                      ,760,43,1013599,104,,WALL,0,912,0,1296,N,0,0,,,,Others,40.75400191099489,-73.99254663922054,68
MANHATTAN,4275        ,BROADWAY                        ,2180,95,1085724,112,,GROUND,0,540,0,550,N,0,0,,,,Others,40.85099380472923,-73.93568834079748,243
MANHATTAN,506         ,WEST 181ST STREET               ,2152,72,1063616,112,,WALL,0,474,0,230,N,0,0,,,,Others,40.84819746705296,-73.93180908440735,243
MANHATTAN,461         ,8TH AVENUE                      ,757,31,1013547,104,Y,WALL,0,110,0,3,N,0,0,,,,Others,40.75198735537073,-73.99406636583285,68
MANHATTAN,461         ,8TH AVENUE                      ,757,31,1013547,104,Y,WALL,0,142,0,5,N,0,0,,,,Others,40.75198735537073,-73.99406636583285,68
MANHATTAN,461         ,8TH AVENUE                      ,757,31,1013547,104,Y,WALL,0,135,0,3,N,0,0,,,,Others,40.75198735537073,-73.99406636583285,68
MANHATTAN,461         ,8TH AVENUE                      ,757,31,1013547,104,Y,WALL,0,142,0,3,N,0,0,,,,Others,40.75198735537073,-73.99406636583285,68
MANHATTAN,152         ,EAST BROADWAY                   ,283,67,1003594,103,Y,WALL,0,100,0,42,N,0,0,,,,Others,40.714175411842774,-73.99085930701357,232
MANHATTAN,360         ,7TH AVENUE                      ,779,45,1014294,105,Y,WALL,0,192,0,136,N,0,0,,,,Others,40.74849321970954,-73.9928035000207,186
MANHATTAN,360         ,7TH AVENUE                      ,779,45,1014294,105,Y,WALL,0,192,0,100,N,0,0,,,,Others,40.74849321970954,-73.9928035000207,186
MANHATTAN,215         ,CENTRE STREET                   ,234,17,1003058,102,,WALL,0,720,0,626,N,0,0,,,,Others,40.71944845640568,-73.99919191901344,144
MANHATTAN,480         ,7 AVE                           ,785,46,1014433,105,,WALL,0,4,0,153,N,0,0,,,,Others,40.752265,-73.98993,100
MANHATTAN,1530        ,BROADWAY                        ,997,1,1022624,105,Y,WALL,0,1527,0,9261,N,0,0,,,,Others,40.757674,-73.985121,230
MANHATTAN,895         ,BROADWAY                        ,848,15,1080760,105,,WALL,0,240,0,590,N,0,0,,,Y,Others,40.738898,-73.989983,234
MANHATTAN,1701        ,BROADWAY                        ,1025,44,1024839,105,,WALL,0,420,0,1265,N,0,0,,,,Others,40.763863,-73.982774,230
MANHATTAN,1567        ,BROADWAY                        ,1018,7501,1024742,105,Y,WALL,0,227,0,1875,N,0,0,,,,Others,40.759348,-73.985301,230
MANHATTAN,2           ,TIMES SQUARE                    ,1019,7501,1024757,105,Y,WALL,0,914,0,2617,N,0,0,,,,Others,40.759617,-73.984569,230
MANHATTAN,2           ,TIMES SQUARE                    ,1019,7501,1024757,105,Y,WALL,0,914,0,560,N,0,0,,,,Others,40.759617,-73.984569,230
MANHATTAN,2           ,TIMES SQUARE                    ,1019,7501,1024757,105,Y,WALL,0,914,0,560,N,0,0,,,,Others,40.759617,-73.984569,230
MANHATTAN,310         ,W BROADWAY                      ,227,28,1087764,102,Y,GROUND,0,240,0,600,N,0,0,,,,Others,40.721979,-74.004293,211
MANHATTAN,883         ,6 AVE                           ,807,7502,1088533,105,Y,WALL,0,60,0,22,N,0,0,,,,Others,40.74814982499611,-73.98899237119856,186
MANHATTAN,41          ,UNION SQUARE                    ,844,26,1016089,105,,WALL,0,12,0,112,N,0,0,,,,Others,40.737081,-73.990524,234
MANHATTAN,393         ,WEST BROADWAY                   ,487,16,1007312,102,,WALL,0,660,0,375,N,0,0,,,Y,Others,40.724087,-74.002147,211
MANHATTAN,719         ,7TH AVE                         ,1000,61,1022685,105,Y,WALL,0,117,0,74,N,0,0,,,,Others,40.759642,-73.984081,230
MANHATTAN,719         ,7TH AVE                         ,1000,61,1022685,105,Y,ROOF,1172,786,0,1230,N,0,0,,,,Others,40.759642,-73.984081,230
MANHATTAN,719         ,7TH AVE                         ,1000,61,1022685,105,Y,WALL,0,165,0,439,N,0,0,,,,Others,40.759642,-73.984081,230
MANHATTAN,719         ,7TH AVE                         ,1000,61,1022685,105,Y,WALL,0,152,0,233,N,0,0,,,,Others,40.759642,-73.984081,230
MANHATTAN,719         ,7TH AVE                         ,1000,61,1022685,105,Y,WALL,0,165,0,1854,N,0,0,,,,Others,40.759642,-73.984081,230
MANHATTAN,719         ,7TH AVE                         ,1000,61,1022685,105,Y,ROOF,1172,786,0,1230,N,0,0,,,,Others,40.759642,-73.984081,230
MANHATTAN,719         ,7TH AVE                         ,1000,61,1022685,105,Y,WALL,0,165,0,585,N,0,0,,,,Others,40.759642,-73.984081,230
MANHATTAN,389         ,CANAL ST                        ,227,28,1087764,102,,GROUND,0,660,0,560,N,0,0,,,,Others,40.72148222488842,-74.00481616534746,211
MANHATTAN,575         ,MADISON AVE                     ,1292,52,1035789,105,Y,WALL,0,192,0,96,N,0,0,,,,Others,40.761866,-73.972475,163
MANHATTAN,575         ,MADISON AVE                     ,1292,52,1035789,105,Y,WALL,0,192,0,96,N,0,0,,,,Others,40.761866,-73.972475,163
MANHATTAN,4           ,THOMPSON ST                     ,227,28,1087764,102,,GROUND,0,660,0,378,N,0,0,,,,Others,40.72218487877812,-74.00491723039605,211
MANHATTAN,50          ,MURRAY STREET                   ,126,27,1001410,101,,WALL,0,180,0,72,N,0,0,,,,Others,40.713962,-74.009458,231
MANHATTAN,35          ,EAST 21 STREET                  ,850,25,1080768,105,,WALL,0,156,0,89,N,0,0,,,Y,Others,40.739501,-73.988434,234
MANHATTAN,270         ,PARK AVE SOUTH                  ,850,39,1016252,105,,WALL,0,228,0,15,N,0,0,,,,Others,40.739169,-73.987338,234
MANHATTAN,109         ,SPRING ST                       ,499,37,1007622,102,,WALL,0,360,0,430,N,0,0,,,Y,Others,40.723596,-73.999784,211
MANHATTAN,354         ,WEST 45 ST                      ,1035,57,1024997,104,,WALL,0,120,0,50,N,0,0,,,,Others,40.759961,-73.990535,48
MANHATTAN,161         ,LAFAYETTE ST                    ,234,9,1003054,102,,WALL,0,12,0,67,N,0,0,,,,Others,40.719806,-73.999084,144
MANHATTAN,976         ,6 AVENUE                        ,837,87,1015917,105,,WALL,0,96,0,63,N,0,0,,,,Others,40.750908,-73.986754,164
MANHATTAN,976         ,6 AVENUE                        ,837,87,1015917,105,,WALL,0,240,0,57,N,0,0,,,,Others,40.750908,-73.986754,164
MANHATTAN,1535        ,BROADWAY                        ,1017,29,1024727,105,Y,WALL,0,126,0,164,N,0,0,,,,Others,40.758415,-73.985598,230
MANHATTAN,976         ,6 AVENUE                        ,837,87,1015917,105,,WALL,0,240,0,32,N,0,0,,,,Others,40.750908,-73.986754,164
MANHATTAN,1535        ,BROADWAY                        ,1017,29,1024727,105,Y,WALL,0,126,0,38,N,0,0,,,,Others,40.758415,-73.985598,230
MANHATTAN,976         ,6 AVENUE                        ,837,87,1015917,105,,WALL,0,244,0,53,N,0,0,,,,Others,40.750908,-73.986754,164
MANHATTAN,310         ,W. BROADWAY                     ,227,28,1087764,102,Y,WALL,0,300,0,500,N,0,0,,,,Others,40.721979,-74.004293,211
MANHATTAN,202         ,WEST 23RD STREET                ,772,47,1014127,104,Y,WALL,0,83,0,8,N,0,0,,,,Others,40.744039,-73.995915,90
MANHATTAN,202         ,WEST 23RD STREET                ,772,47,1014127,104,Y,WALL,0,83,0,8,N,0,0,,,,Others,40.744039,-73.995915,90
MANHATTAN,202         ,WEST 23RD STREET                ,772,47,1014127,104,Y,WALL,0,83,0,8,N,0,0,,,,Others,40.744039,-73.995915,90
MANHATTAN,725         ,SEVENTH AVENUE                  ,1001,3,1022689,105,,WALL,0,120,0,281,N,0,0,,,,Others,40.759996,-73.983843,230
MANHATTAN,1619        ,BROADWAY                        ,1021,19,1024793,105,Y,WALL,0,384,0,167,N,0,0,,,Y,Others,40.761083,-73.984492,230
MANHATTAN,1619        ,BROADWAY                        ,1021,19,1024793,105,Y,WALL,0,396,0,129,N,0,0,,,Y,Others,40.761083,-73.984492,230
MANHATTAN,1619        ,BROADWAY                        ,1021,19,1024793,105,Y,WALL,0,216,0,230,N,0,0,,,Y,Others,40.761083,-73.984492,230
MANHATTAN,1619        ,BROADWAY                        ,1021,19,1024793,105,Y,WALL,0,396,0,150,N,0,0,,,Y,Others,40.761083,-73.984492,230
MANHATTAN,1619        ,BROADWAY                        ,1021,19,1024793,105,Y,WALL,0,204,0,377,N,0,0,,,Y,Others,40.761083,-73.984492,230
MANHATTAN,1619        ,BROADWAY                        ,1021,19,1024793,105,Y,WALL,0,204,0,198,N,0,0,,,Y,Others,40.761083,-73.984492,230
MANHATTAN,1619        ,BROADWAY                        ,1021,19,1024793,105,Y,WALL,0,384,0,275,N,0,0,,,Y,Others,40.761083,-73.984492,230
MANHATTAN,1619        ,BROADWAY                        ,1021,19,1024793,105,Y,WALL,0,396,0,158,N,0,0,,,Y,Others,40.761083,-73.984492,230
MANHATTAN,1619        ,BROADWAY                        ,1021,19,1024793,105,Y,WALL,0,204,0,300,N,0,0,,,Y,Others,40.761083,-73.984492,230
MANHATTAN,1204        , BROADWAY                       ,831,19,1015758,105,Y,WALL,0,678,0,300,N,0,0,,,,Others,40.746388,-73.988376,164
MANHATTAN,1568        ,BROADWAY                        ,999,9062,1085494,105,Y,WALL,0,837,0,1454,N,0,0,,,,Others,40.759027,-73.984533,230
MANHATTAN,1568        ,BROADWAY                        ,999,9062,1085494,105,Y,WALL,0,837,0,1943,N,0,0,,,,Others,40.759027,-73.984533,230
MANHATTAN,1568        ,BROADWAY                        ,999,9062,1085494,105,Y,WALL,0,837,0,1370,N,0,0,,,,Others,40.759027,-73.984533,230
MANHATTAN,43          ,GRAND STREET                    ,227,20,1002944,102,Y,ROOF,0,0,0,624,N,0,0,,,,Others,40.722446,-74.004095,211
MANHATTAN,1568        ,BROADWAY                        ,999,9062,1085494,105,Y,WALL,0,1518,0,4005,N,0,0,,,,Others,40.759027,-73.984533,230
MANHATTAN,1568        ,BROADWAY                        ,999,9062,1085494,105,Y,WALL,0,1518,0,804,N,0,0,,,,Others,40.759027,-73.984533,230
MANHATTAN,1568        ,BROADWAY                        ,999,9062,1085494,105,Y,WALL,0,1518,0,804,N,0,0,,,,Others,40.759027,-73.984533,230
MANHATTAN,1568        ,BROADWAY                        ,999,9062,1085494,105,Y,WALL,0,837,0,1943,N,0,0,,,,Others,40.759027,-73.984533,230
MANHATTAN,1568        ,BROADWAY                        ,999,9062,1085494,105,Y,WALL,0,837,0,875,N,0,0,,,,Others,40.759027,-73.984533,230
MANHATTAN,1568        ,BROADWAY                        ,999,9062,1085494,105,Y,WALL,0,1518,0,5939,N,0,0,,,,Others,40.759027,-73.984533,230
MANHATTAN,151         ,WEST 34 STREET                  ,810,1,1015219,105,,WALL,0,264,0,300,N,0,0,,,,Others,40.751046,-73.990331,100
MANHATTAN,348         ,BOWERY                          ,531,43,1008522,102,,GROUND,0,108,0,48,N,0,0,,,,Others,40.72667,-73.992059,114
MANHATTAN,348         ,BOWERY                          ,531,43,1008522,102,,GROUND,0,108,0,48,N,0,0,,,,Others,40.72667,-73.992059,114
MANHATTAN,433         ,1 AVE                           ,931,24,1083651,106,,WALL,0,240,0,40,N,0,0,,,,Others,40.738556,-73.977555,137
MANHATTAN,240         ,W 44 ST                         ,1015,51,1024708,105,Y,WALL,0,24,0,30,N,0,0,,,Y,Others,40.757935,-73.98772,230
MANHATTAN,250         ,W 50 ST                         ,1021,1,1085498,105,,WALL,0,36,0,123,N,0,0,,,,Others,40.761884,-73.985413,230
MANHATTAN,240         ,W 44 ST                         ,1015,51,1024708,105,Y,WALL,0,24,0,54,N,0,0,,,Y,Others,40.757935,-73.98772,230
MANHATTAN,36          ,WEST 26 STREET                  ,827,67,1015630,105,,WALL,0,12,0,80,N,0,0,,,,Others,40.744321,-73.990552,234
MANHATTAN,1697        ,BROADWAY                        ,1025,43,1024838,105,Y,WALL,0,144,0,392,N,0,0,,,Y,Others,40.763789,-73.982817,230
MANHATTAN,1697        ,BROADWAY                        ,1025,43,1024838,105,Y,WALL,0,144,0,154,N,0,0,,,Y,Others,40.763789,-73.982817,230
MANHATTAN,1697        ,BROADWAY                        ,1025,43,1024838,105,Y,WALL,0,144,0,154,N,0,0,,,Y,Others,40.763789,-73.982817,230
MANHATTAN,1515        ,BROADWAY                        ,1016,36,1024714,105,Y,WALL,0,120,0,111,N,0,0,,,,Others,40.757553,-73.986089,230
MANHATTAN,13          ,CARMINE ST                      ,589,47,1010084,102,,WALL,0,780,0,624,N,0,0,,,Y,Others,40.730485,-74.002324,249
MANHATTAN,434         ,LAFAYETTE STREET                ,545,37,1008801,102,Y,WALL,0,49,0,30,N,0,0,,,Y,Others,40.729294,-73.992167,113
MANHATTAN,209         ,WEST 42ND STREET                ,1014,25,1024685,105,Y,WALL,0,21,0,9,N,0,0,,,Y,Others,40.756491,-73.98763,230
MANHATTAN,209         ,WEST 42ND STREET                ,1014,25,1024685,105,Y,WALL,0,27,0,9,N,0,0,,,Y,Others,40.756491,-73.98763,230
MANHATTAN,209         ,WEST 42ND STREET                ,1014,25,1024685,105,Y,WALL,0,125,0,16,N,0,0,,,Y,Others,40.756491,-73.98763,230
MANHATTAN,210         ,CENTRE STREET                   ,235,6,1079580,102,,WALL,0,696,0,150,N,0,0,,,,Others,40.719089,-73.998921,144
MANHATTAN,146         ,W 26 ST                         ,801,7502,1015027,104,,WALL,0,540,0,399,N,0,0,,,,Others,40.745499,-73.993334,90
MANHATTAN,2144        ,THIRD AVENUE                    ,1645,33,1052347,111,,WALL,0,170,0,66,N,0,0,,,,Others,40.7988,-73.939618,74
MANHATTAN,2144        ,THIRD AVENUE                    ,1645,33,1052347,111,,WALL,0,138,0,10,N,0,0,,,,Others,40.7988,-73.939618,74
MANHATTAN,2144        ,THIRD AVENUE                    ,1645,33,1052347,111,,WALL,0,170,0,50,N,0,0,,,,Others,40.7988,-73.939618,74
MANHATTAN,2144        ,THIRD AVENUE                    ,1645,33,1052347,111,Y,WALL,0,260,0,25,N,0,0,,,,Others,40.7988,-73.939618,74
MANHATTAN,2144        ,THIRD AVENUE                    ,1645,33,1052347,111,Y,WALL,0,178,0,25,N,0,0,,,,Others,40.7988,-73.939618,74
MANHATTAN,126         ,BAXTER STREET                   ,207,15,1002668,102,,WALL,0,252,0,108,N,0,0,,,,Others,40.718194,-73.999026,144
MANHATTAN,348         ,BOWERY                          ,531,43,1008522,102,,WALL,0,216,0,120,N,0,0,,,,Others,40.72667,-73.992059,114
MANHATTAN,3           ,TIMES SQUARE                    ,1014,33,1024686,105,Y,WALL,0,844,0,3489,N,0,0,,,,Others,40.756697,-73.986699,230
MANHATTAN,3           ,TIMES SQUARE                    ,1014,33,1024686,105,Y,WALL,0,3236,0,2574,N,0,0,,,,Others,40.756697,-73.986699,230
MANHATTAN,3           ,TIMES SQUARE                    ,1014,33,1024686,105,Y,WALL,0,1956,0,2236,N,0,0,,,,Others,40.756697,-73.986699,230
MANHATTAN,4941        ,BROADWAY                        ,2242,61,1064996,112,,WALL,0,211,0,33,N,0,0,,,,Others,40.867901,-73.921123,127
MANHATTAN,4941        ,BROADWAY                        ,2242,61,1064996,112,,WALL,0,196,0,33,N,0,0,,,,Others,40.867901,-73.921123,127
MANHATTAN,1230        ,5TH AVENUE                      ,1610,1,1051499,111,,WALL,0,408,0,320,N,0,0,,,,Others,40.793393,-73.951544,75
MANHATTAN,2065        ,AMSTERDAM AVE                   ,2110,1,1062589,112,Y,WALL,0,144,0,50,N,0,0,,,,Others,40.835952,-73.939548,244
MANHATTAN,118         ,BAXTER STREET                   ,207,17,1002669,102,,WALL,0,108,0,144,N,0,0,,,,Others,40.717945,-73.999181,144
MANHATTAN,1585        ,BROADWAY                        ,1019,7502,1076193,105,Y,WALL,0,1495,0,1945,N,0,0,,,,Others,40.760216,-73.985334,230
MANHATTAN,1585        ,BROADWAY                        ,1019,7502,1076193,105,Y,WALL,0,1467,0,1945,N,0,0,,,,Others,40.760216,-73.985334,230
MANHATTAN,1585        ,BROADWAY                        ,1019,7502,1076193,105,Y,WALL,0,1082,0,2075,N,0,0,,,,Others,40.760216,-73.985334,230
MANHATTAN,1585        ,BROADWAY                        ,1019,7502,1076193,105,Y,WALL,0,1495,0,1468,N,0,0,,,,Others,40.760216,-73.985334,230
MANHATTAN,1585        ,BROADWAY                        ,1019,7502,1076193,105,Y,WALL,0,772,0,1679,N,0,0,,,,Others,40.760216,-73.985334,230
MANHATTAN,1585        ,BROADWAY                        ,1019,7502,1076193,105,Y,WALL,0,744,0,1679,N,0,0,,,,Others,40.760216,-73.985334,230
MANHATTAN,1585        ,BROADWAY                        ,1019,7502,1076193,105,Y,WALL,0,1307,0,2075,N,0,0,,,,Others,40.760216,-73.985334,230
MANHATTAN,613         ,8 AVE                           ,763,42,1013688,104,Y,ROOF,96,876,0,1200,N,0,0,,,,Others,40.755774895911365,-73.99086803646638,48
MANHATTAN,433         ,1 AVE                           ,931,24,1083651,106,,WALL,0,180,0,36,N,0,0,,,,Others,40.738556,-73.977555,137
MANHATTAN,433         ,1 AVE                           ,931,24,1083651,106,,WALL,0,180,0,36,N,0,0,,,,Others,40.738556,-73.977555,137
MANHATTAN,433         ,1 AVE                           ,931,24,1083651,106,,WALL,0,180,0,36,N,0,0,,,,Others,40.738556,-73.977555,137
MANHATTAN,433         ,1 AVE                           ,931,24,1083651,106,,WALL,0,180,0,71,N,0,0,,,,Others,40.738556,-73.977555,137
MANHATTAN,85          ,WEST STREET                     ,55,16,1001061,101,,WALL,0,56,0,28,N,0,0,,,,Others,40.709548,-74.014612,261
MANHATTAN,3           ,COLUMBUS CIRCLE                 ,1029,7501,1024900,105,Y,ROOF,84,3876,0,2176,N,0,0,,,,Others,40.766835,-73.981968,163
MANHATTAN,136         ,W 42 ST                         ,994,47,1022578,105,Y,WALL,0,3648,0,2828,N,0,0,,,,Others,40.755289,-73.985573,100
MANHATTAN,235         ,CANAL STREET                    ,207,1,1002663,102,,WALL,0,552,0,977,N,0,0,,,,Others,40.718013,-73.999661,144
MANHATTAN,1500        ,BROADWAY                        ,996,1,1022610,105,Y,ROOF,431,1402,0,948,N,0,0,,,,Others,40.756593,-73.985894,230
MANHATTAN,249         ,WEST 43 STREET                  ,1015,10,1024705,105,,WALL,0,252,0,120,N,0,0,,,,Others,40.757567,-73.988236,230
MANHATTAN,249         ,WEST 43 STREET                  ,1015,10,1024705,105,,WALL,0,102,0,64,N,0,0,,,,Others,40.757567,-73.988236,230
MANHATTAN,249         ,WEST 43 STREET                  ,1015,10,1024705,105,,WALL,0,252,0,84,N,0,0,,,,Others,40.757567,-73.988236,230
MANHATTAN,54          ,WEST 47 STREET                  ,1262,63,1034349,105,Y,WALL,0,162,0,86,N,0,0,,,,Others,40.757495,-73.980848,161
MANHATTAN,54          ,WEST 47 STREET                  ,1262,63,1034349,105,Y,WALL,0,112,0,26,N,0,0,,,,Others,40.757495,-73.980848,161
MANHATTAN,1241        ,BROADWAY                        ,832,17,1801211,105,,GROUND,0,600,0,237,N,0,0,,,,Others,40.74716165633226,-73.98838983061988,164
MANHATTAN,1241        ,BROADWAY                        ,832,17,1801211,105,,GROUND,0,600,0,360,N,0,0,,,,Others,40.74716165633226,-73.98838983061988,164
MANHATTAN,717         ,7 AVENUE                        ,1000,62,1022686,105,Y,ROOF,552,1104,0,750,N,0,0,,,,Others,40.759601,-73.984125,230
MANHATTAN,161         ,LAFAYETTE STREET                ,234,9,1003054,102,,WALL,0,194,0,256,N,0,0,,,,Others,40.719806,-73.999084,144
MANHATTAN,161         ,LAFAYETTE STREET                ,234,9,1003054,102,,WALL,0,194,0,137,N,0,0,,,,Others,40.719806,-73.999084,144
MANHATTAN,1500        ,BROADWAY                        ,996,1,1022610,105,Y,WALL,0,231,0,110,N,0,0,,,,Others,40.756593,-73.985894,230
MANHATTAN,1500        ,BROADWAY                        ,996,1,1022610,105,Y,WALL,0,231,0,29,N,0,0,,,,Others,40.756593,-73.985894,230
MANHATTAN,1500        ,BROADWAY                        ,996,1,1022610,105,Y,WALL,0,231,0,51,N,0,0,,,,Others,40.756593,-73.985894,230
MANHATTAN,1500        ,BROADWAY                        ,996,1,1022610,105,Y,WALL,0,231,0,235,N,0,0,,,,Others,40.756593,-73.985894,230
MANHATTAN,449         ,7TH AVE                         ,810,1,1015219,105,Y,WALL,0,261,0,397,N,0,0,,,,Others,40.75114447913952,-73.99050053069061,100
MANHATTAN,449         ,7TH AVE                         ,810,1,1015219,105,Y,WALL,0,261,0,397,N,0,0,,,,Others,40.75114447913952,-73.99050053069061,100
MANHATTAN,46          ,WEST 36 STREET                  ,837,71,1015911,105,,WALL,0,115,0,72,N,0,0,,,,Others,40.750414,-73.985516,164
MANHATTAN,528         ,WEST 39 STREET                  ,710,11,1012524,104,,WALL,0,15,0,96,N,0,0,,,,Others,40.758249,-73.998358,246
MANHATTAN,2           ,WEST 29 STREET                  ,830,46,1015735,105,,WALL,0,36,0,144,N,0,0,,,,Others,40.74543,-73.987477,164
MANHATTAN,528         ,WEST 39 STREET                  ,710,11,1012524,104,,WALL,0,20,0,93120,N,0,0,,,,Others,40.758249,-73.998358,246
MANHATTAN,58          ,WEST 36 STREET                  ,837,77,1015914,105,,WALL,0,6,0,79,N,0,0,,,,Others,40.750554,-73.98587,164
MANHATTAN,528         ,WEST 39 STREET                  ,710,11,1012524,104,,WALL,0,20,0,226,N,0,0,,,,Others,40.758249,-73.998358,246
MANHATTAN,556         ,WEST 22 STREET                  ,693,64,1012319,104,Y,WALL,0,125,0,387,N,0,0,,,,Others,40.748008,-74.007243,246
MANHATTAN,77          ,LEXINGTON AVE                   ,881,61,1018118,106,,WALL,0,240,0,500,N,0,0,,,,Others,40.741246,-73.983303,107
MANHATTAN,77          ,LEXINGTON AVE                   ,881,61,1018118,106,,WALL,0,240,0,100,N,0,0,,,,Others,40.741246,-73.983303,107
MANHATTAN,502         ,CANAL STREET                    ,595,40,1083533,101,Y,ROOF,0,0,0,742,N,0,0,,,Y,Others,40.724625,-74.009499,231
MANHATTAN,4           ,PENN PLAZA                      ,781,1,1082908,105,Y,GROUND,0,527,0,1914,N,0,0,,,,Others,40.751016,-73.993099,186
MANHATTAN,3           ,TIMES SQUARE                    ,1014,33,1024686,105,Y,WALL,0,1704,0,2226,N,0,0,,,,Others,40.756697,-73.986699,230
MANHATTAN,4           ,PENN PLAZA                      ,781,1,1082908,105,Y,GROUND,0,527,0,1914,N,0,0,,,,Others,40.751016,-73.993099,186
MANHATTAN,3           ,TIMES SQUARE                    ,1014,33,1024686,105,Y,WALL,0,1704,0,1060,N,0,0,,,,Others,40.756697,-73.986699,230
MANHATTAN,450         ,WEST 15 STREET                  ,712,1,1080355,104,Y,WALL,0,218,0,25,N,0,0,,,,Others,40.742505,-74.007178,68
MANHATTAN,240         ,W 43 ST                         ,1014,41,1087882,105,Y,WALL,0,120,0,109,N,0,0,,,Y,Others,40.757271,-73.988045,230
MANHATTAN,240         ,W 43 ST                         ,1014,41,1087882,105,Y,WALL,0,346,0,477,N,0,0,,,Y,Others,40.757271,-73.988045,230
MANHATTAN,401         ,7TH AVENUE                      ,808,7501,1015191,105,Y,WALL,0,465,0,1026,N,0,0,,,,Others,40.74974,-73.991259,186
MANHATTAN,30          ,THOMPSON STREET                 ,476,56,1007107,102,,WALL,0,108,0,168,N,0,0,,,,Others,40.723009,-74.004077,211
MANHATTAN,522         ,WEST 37 STREET                  ,708,48,1012498,104,,WALL,0,72,0,148,N,0,0,,,,Others,40.75692,-73.999043,246
MANHATTAN,251         ,W 45 ST                         ,1017,7,1024724,105,,WALL,0,600,0,1131,N,0,0,,,,Others,40.7587416318682,-73.98734462837065,230
MANHATTAN,1500        ,BROADWAY                        ,996,1,1022610,105,Y,WALL,0,628,0,3054,N,0,0,,,,Others,40.756593,-73.985894,230
MANHATTAN,711         ,7 AVENUE                        ,1000,64,1022687,105,Y,WALL,0,434,0,672,N,0,0,,,,Others,40.75951,-73.984193,230
MANHATTAN,19          ,KENMARE STREET                  ,478,12,1007131,102,,WALL,0,660,0,421,N,0,0,,,,Others,40.720665,-73.994682,144
MANHATTAN,729         ,7TH AVENUE                      ,1001,7501,1022699,105,Y,WALL,0,2100,0,2210,N,0,0,,,,Others,40.760111,-73.983753,230
MANHATTAN,729         ,7TH AVENUE                      ,1001,7501,1022699,105,Y,WALL,0,348,0,784,N,0,0,,,,Others,40.760111,-73.983753,230
MANHATTAN,729         ,7TH AVENUE                      ,1001,7501,1022699,105,Y,WALL,0,348,0,784,N,0,0,,,,Others,40.760111,-73.983753,230
MANHATTAN,4           ,TIMES SQUARE                    ,995,5,1085682,105,Y,WALL,0,196,0,58,N,0,0,,,,Others,40.755758,-73.98588,230
MANHATTAN,924         ,MADISON AVENUE                  ,1388,117,1041528,108,Y,WALL,0,102,0,22,N,0,0,,,Y,Others,40.772823,-73.964882,237
MANHATTAN,4           ,TIMES SQUARE                    ,995,5,1085682,105,Y,WALL,0,196,0,58,N,0,0,,,,Others,40.755758,-73.98588,230
MANHATTAN,4           ,TIMES SQUARE                    ,995,5,1085682,105,Y,WALL,0,196,0,58,N,0,0,,,,Others,40.755758,-73.98588,230
MANHATTAN,570         ,7TH AVENUE                      ,1012,36,1024649,105,Y,WALL,0,2136,0,928,N,0,0,,,,Others,40.755292,-73.987731,100
MANHATTAN,570         ,7TH AVENUE                      ,1012,36,1024649,105,Y,WALL,0,516,0,201,N,0,0,,,,Others,40.755292,-73.987731,100
MANHATTAN,570         ,7TH AVENUE                      ,1012,36,1024649,105,Y,WALL,0,2136,0,658,N,0,0,,,,Others,40.755292,-73.987731,100
MANHATTAN,570         ,7TH AVENUE                      ,1012,36,1024649,105,Y,WALL,0,516,0,201,N,0,0,,,,Others,40.755292,-73.987731,100
MANHATTAN,570         ,7TH AVENUE                      ,1012,36,1024649,105,Y,WALL,0,516,0,477,N,0,0,,,,Others,40.755292,-73.987731,100
MANHATTAN,570         ,7TH AVENUE                      ,1012,36,1024649,105,Y,WALL,0,516,0,407,N,0,0,,,,Others,40.755292,-73.987731,100
MANHATTAN,570         ,7TH AVENUE                      ,1012,36,1024649,105,Y,WALL,0,2136,0,1160,N,0,0,,,,Others,40.755292,-73.987731,100
MANHATTAN,570         ,7TH AVENUE                      ,1012,36,1024649,105,Y,WALL,0,516,0,526,N,0,0,,,,Others,40.755292,-73.987731,100
MANHATTAN,120         ,GREENWICH STREET                ,53,7501,1001050,101,Y,WALL,0,192,0,72,N,0,0,,,,Others,40.709109,-74.013227,261
MANHATTAN,1500        ,BROADWAY                        ,996,1,1022610,105,Y,ROOF,648,1755,0,2200,N,0,0,,,,Others,40.756593,-73.985894,230
MANHATTAN,120         ,GREENWICH STREET                ,53,7501,1001050,101,Y,WALL,0,192,0,182,N,0,0,,,,Others,40.709109,-74.013227,261
MANHATTAN,120         ,GREENWICH STREET                ,53,7501,1001050,101,Y,WALL,0,192,0,208,N,0,0,,,,Others,40.709109,-74.013227,261
MANHATTAN,120         ,GREENWICH STREET                ,53,7501,1001050,101,Y,WALL,0,192,0,1325,N,0,0,,,,Others,40.709109,-74.013227,261
MANHATTAN,120         ,GREENWICH STREET                ,53,7501,1001050,101,Y,WALL,0,600,0,72,N,0,0,,,,Others,40.709109,-74.013227,261
MANHATTAN,1500        ,BROADWAY                        ,996,1,1022610,105,Y,ROOF,612,1719,0,2880,N,0,0,,,,Others,40.756593,-73.985894,230
MANHATTAN,120         ,GREENWICH STREET                ,53,7501,1001050,101,Y,WALL,0,600,0,72,N,0,0,,,,Others,40.709109,-74.013227,261
MANHATTAN,120         ,GREENWICH STREET                ,53,7501,1001050,101,Y,WALL,0,192,0,143,N,0,0,,,,Others,40.709109,-74.013227,261
MANHATTAN,120         ,GREENWICH STREET                ,53,7501,1001050,101,Y,WALL,0,600,0,72,N,0,0,,,,Others,40.709109,-74.013227,261
MANHATTAN,1535        ,BROADWAY                        ,1017,29,1024727,105,Y,WALL,0,302,0,16811,N,0,0,,,,Others,40.758415,-73.985598,230
MANHATTAN,1535        ,BROADWAY                        ,1017,29,1024727,105,Y,WALL,0,302,0,4002,N,0,0,,,,Others,40.758415,-73.985598,230
MANHATTAN,1535        ,BROADWAY                        ,1017,29,1024727,105,Y,WALL,0,302,0,4819,N,0,0,,,,Others,40.758415,-73.985598,230
MANHATTAN,229         ,W 42 ST                         ,1014,17,1024683,105,Y,WALL,0,120,0,69,N,0,0,,,,Others,40.756755,-73.988244,230
MANHATTAN,229         ,W 42 ST                         ,1014,17,1024683,105,Y,WALL,0,120,0,64,N,0,0,,,,Others,40.756755,-73.988244,230
MANHATTAN,229         ,W 42 ST                         ,1014,17,1024683,105,Y,WALL,0,120,0,73,N,0,0,,,,Others,40.756755,-73.988244,230
MANHATTAN,229         ,W 42 ST                         ,1014,17,1024683,105,Y,WALL,0,120,0,26,N,0,0,,,,Others,40.756755,-73.988244,230
MANHATTAN,229         ,W 42 ST                         ,1014,17,1024683,105,Y,WALL,0,120,0,16,N,0,0,,,,Others,40.756755,-73.988244,230
MANHATTAN,229         ,W 42 ST                         ,1014,17,1024683,105,Y,WALL,0,120,0,16,N,0,0,,,,Others,40.756755,-73.988244,230
MANHATTAN,59          ,4 AVENUE                        ,555,11,1008955,103,,WALL,0,1236,0,680,N,0,0,,,,Others,40.730707,-73.990334,79
MANHATTAN,234         ,WEST 42ND STREET                ,1013,12,1024665,105,Y,WALL,0,567,0,171,N,0,0,,,,Others,40.756582,-73.988648,100
MANHATTAN,2279        ,3 AVENUE                        ,1788,7501,1087594,111,Y,WALL,0,174,0,26,N,220,0,,Y,,Others,40.802814,-73.936089,74
MANHATTAN,2279        ,3 AVENUE                        ,1788,7501,1087594,111,Y,WALL,0,174,0,26,N,220,0,,Y,,Others,40.802814,-73.936089,74
MANHATTAN,145         ,WEST 44TH STREET                ,997,10,1085016,105,Y,WALL,0,455,0,228,N,0,0,,,,Others,40.756944,-73.984804,230
MANHATTAN,145         ,WEST 44TH STREET                ,997,10,1085016,105,Y,WALL,0,455,0,228,N,0,0,,,,Others,40.756944,-73.984804,230
MANHATTAN,1375        ,BROADWAY                        ,813,16,1015254,105,Y,WALL,0,84,0,8,N,0,0,,,,Others,40.752465,-73.987627,100
MANHATTAN,1375        ,BROADWAY                        ,813,16,1015254,105,Y,WALL,0,84,0,8,N,0,0,,,,Others,40.752465,-73.987627,100
MANHATTAN,80          ,UNIVERSITY PLACE                ,569,28,1009287,102,Y,WALL,0,96,0,8,N,0,0,,,,Others,40.733472,-73.993361,113
MANHATTAN,250         ,WEST 55TH STREET                ,1026,55,1088569,105,Y,WALL,0,84,0,8,N,0,0,,,,Others,40.76501,-73.98312,163
MANHATTAN,80          ,UNIVERSITY PLACE                ,569,28,1009287,102,Y,WALL,0,96,0,8,N,0,0,,,,Others,40.733472,-73.993361,113
MANHATTAN,131         ,EAST 23RD STREET                ,879,17,1018040,105,Y,WALL,0,84,0,8,N,0,0,,,,Others,40.739721,-73.984844,107
MANHATTAN,131         ,EAST 23RD STREET                ,879,17,1018040,105,Y,WALL,0,84,0,8,N,0,0,,,,Others,40.739721,-73.984844,107
MANHATTAN,250         ,WEST 55TH STREET                ,1026,55,1088569,105,Y,WALL,0,84,0,8,N,0,0,,,,Others,40.76501,-73.98312,163
MANHATTAN,131         ,EAST 23RD STREET                ,879,17,1018040,105,Y,WALL,0,84,0,8,N,0,0,,,,Others,40.739721,-73.984844,107
MANHATTAN,1375        ,BROADWAY                        ,813,16,1015254,105,Y,WALL,0,84,0,8,N,0,0,,,,Others,40.752465,-73.987627,100
MANHATTAN,250         ,WEST 55TH STREET                ,1026,55,1088569,105,Y,WALL,0,84,0,8,N,0,0,,,,Others,40.76501,-73.98312,163
MANHATTAN,131         ,EAST 23RD STREET                ,879,17,1018040,105,Y,WALL,0,84,0,8,N,0,0,,,,Others,40.739721,-73.984844,107
MANHATTAN,80          ,UNIVERSITY PLACE                ,569,28,1009287,102,Y,WALL,0,96,0,8,N,0,0,,,,Others,40.733472,-73.993361,113
MANHATTAN,1375        ,BROADWAY                        ,813,16,1015254,105,Y,WALL,0,84,0,24,N,0,0,,,,Others,40.752465,-73.987627,100
MANHATTAN,80          ,UNIVERSITY PLACE                ,569,28,1009287,102,Y,WALL,0,96,0,8,N,0,0,,,,Others,40.733472,-73.993361,113
MANHATTAN,251         ,WEST 45TH ST                    ,1017,7,1024724,105,,WALL,0,12,0,234,N,0,0,,,,Others,40.7587416318682,-73.98734462837065,230
MANHATTAN,251         ,WEST 45TH ST                    ,1017,7,1024724,105,,WALL,0,12,0,234,N,0,0,,,,Others,40.7587416318682,-73.98734462837065,230
MANHATTAN,101         ,WEST 145 STREET                 ,2014,29,1081812,110,Y,WALL,0,540,0,350,N,0,0,,,,Others,40.820737,-73.93652,42
MANHATTAN,101         ,WEST 145 STREET                 ,2014,29,1081812,110,Y,WALL,0,540,0,350,N,0,0,,,,Others,40.820737,-73.93652,42
MANHATTAN,870         ,7 AVE                           ,1027,7501,1024878,105,,WALL,0,2,0,389,N,0,0,,,,Others,40.764609,-73.980929,163
MANHATTAN,463         ,BROADWAY                        ,474,7506,1087559,102,,WALL,0,4,0,324,N,0,0,,,Y,Others,40.721063,-74.000671,211
MANHATTAN,18          ,BLEECKER STREET                 ,521,43,1008187,102,Y,WALL,0,91,0,13,N,0,0,,,Y,Others,40.725416,-73.993239,114
MANHATTAN,18          ,BLEECKER STREET                 ,521,43,1008187,102,Y,WALL,0,91,0,13,N,0,0,,,Y,Others,40.725416,-73.993239,114
MANHATTAN,329         ,10TH AVENUE                     ,701,35,1012447,104,,WALL,0,300,0,350,N,0,0,,,,Others,40.751617,-74.001527,246
MANHATTAN,44          ,WEST 47 STREET                  ,1262,7502,1034346,105,Y,WALL,0,168,0,15,N,0,0,,,,Others,40.757363,-73.980516,161
MANHATTAN,666         ,FIFTH AVENUE                    ,1268,7502,1034520,105,,WALL,0,170,0,45,N,0,0,,,,Others,40.760549,-73.976421,161
MANHATTAN,550         ,WEST 45 STREET                  ,1073,1,1083785,104,Y,WALL,0,177,0,46,N,0,0,,,,Others,40.76241,-73.996405,50
MANHATTAN,251         ,W 45 ST                         ,1017,7,1024724,105,,WALL,0,240,0,1283,N,0,0,,,,Others,40.7587416318682,-73.98734462837065,230
MANHATTAN,251         ,W 45 ST                         ,1017,7,1024724,105,,WALL,0,240,0,840,N,0,0,,,,Others,40.7587416318682,-73.98734462837065,230
MANHATTAN,240         ,WEST 44TH STREET                ,1015,51,1024708,105,Y,WALL,0,48,0,42,N,0,0,,,Y,Others,40.757935,-73.98772,230
MANHATTAN,1568        ,BROADWAY                        ,999,9062,1085494,105,Y,WALL,0,264,0,582,N,0,0,,,,Others,40.759027,-73.984533,230
MANHATTAN,640         ,8TH AVENUE                      ,1013,7501,1087978,105,,WALL,0,537,0,2145,N,0,0,,,,Others,40.756796,-73.989821,100
MANHATTAN,253         ,W 47 ST                         ,1019,10,1806464,105,Y,WALL,0,160,0,166,N,0,0,,,,Others,40.760098,-73.98646,230
MANHATTAN,253         ,W 47 ST                         ,1019,10,1806464,105,Y,WALL,0,160,0,166,N,0,0,,,,Others,40.760098,-73.98646,230
MANHATTAN,1500        ,BROADWAY                        ,996,1,1022610,105,Y,WALL,0,658,0,1624,N,0,0,,,,Others,40.756593,-73.985894,230
MANHATTAN,110         ,EAST 16 ST                      ,871,74,1017816,105,Y,WALL,0,480,0,50,N,0,0,,,,Others,40.735511,-73.98859,107
MANHATTAN,61          ,W 37TH STREET                   ,839,7,1015956,105,Y,WALL,0,240,0,16,N,0,0,,,,Others,40.751603,-73.985906,164
MANHATTAN,234         ,WEST 42ND STREET                ,1013,12,1024665,105,Y,WALL,0,144,0,22,N,0,0,,,Y,Others,40.756582,-73.988648,100
MANHATTAN,234         ,WEST 42ND STREET                ,1013,12,1024665,105,Y,WALL,0,144,0,42,N,0,0,,,Y,Others,40.756582,-73.988648,100
MANHATTAN,234         ,WEST 42ND STREET                ,1013,12,1024665,105,Y,WALL,0,144,0,22,N,0,0,,,Y,Others,40.756582,-73.988648,100
MANHATTAN,213         ,2 AVENUE                        ,469,37,1006911,103,Y,WALL,0,144,0,32,N,0,0,,,,Others,40.731832,-73.985575,79
MANHATTAN,1567        ,BROADWAY                        ,1018,7501,1024742,105,Y,ROOF,793,870,0,1680,N,0,0,,,,Others,40.759348,-73.985301,230
MANHATTAN,110         ,EAST 16 STREET                  ,871,74,1017816,105,,WALL,0,480,0,15,N,0,0,,,,Others,40.735511,-73.98859,107
MANHATTAN,61          ,W 37TH STREET                   ,839,7,1015956,105,Y,WALL,0,240,0,16,N,0,0,,,,Others,40.751603,-73.985906,164
MANHATTAN,7           ,EAST 14 ST                      ,842,7,1016062,105,Y,WALL,0,105,0,23,N,0,0,,,,Others,40.735744,-73.992588,234
MANHATTAN,990         ,6 AVENUE                        ,838,1,1015919,105,Y,WALL,0,129,0,44,N,0,0,,,,Others,40.751427,-73.986339,164
MANHATTAN,440         ,W 42 ST                         ,1051,7502,1088437,104,,WALL,0,480,0,40,N,0,0,,,,Others,40.75912096033658,-73.99429313849527,48
MANHATTAN,440         ,W 42 ST                         ,1051,7502,1088437,104,,WALL,0,480,0,40,N,0,0,,,,Others,40.75912096033658,-73.99429313849527,48
MANHATTAN,440         ,W 42 ST                         ,1051,7502,1088437,104,,WALL,0,480,0,40,N,0,0,,,,Others,40.75912096033658,-73.99429313849527,48
MANHATTAN,249         ,WEST 45 STREET                  ,1017,10,1024725,105,Y,WALL,0,222,0,253,N,0,0,,,Y,Others,40.75886,-73.987406,230
MANHATTAN,249         ,WEST 45 STREET                  ,1017,10,1024725,105,Y,WALL,0,222,0,253,N,0,0,,,Y,Others,40.75886,-73.987406,230
MANHATTAN,2309        ,FREDERICK DOUGLAS BOULEVARD     ,1951,22,1059298,110,Y,WALL,0,224,0,96,N,0,0,,,,Others,40.809689,-73.951749,41
MANHATTAN,21          ,THOMPSON STREET                 ,476,45,1077735,102,,WALL,0,156,0,99,N,0,0,,,,Others,40.722918,-74.004409,211
MANHATTAN,1567        ,BROADWAY                        ,1018,7501,1024742,105,Y,ROOF,793,870,0,1680,N,0,0,,,,Others,40.759348,-73.985301,230
MANHATTAN,5           ,WEST 30 STREET                  ,832,36,1015783,105,,WALL,0,3,0,88,N,0,0,,,,Others,40.746284,-73.987011,164
MANHATTAN,159         ,GRAND STREET                    ,234,11,1003055,102,,WALL,0,864,0,300,N,0,0,,,,Others,40.719844,-73.998911,144
MANHATTAN,510         ,WEST 218TH STREET               ,2243,277,1065018,112,Y,WALL,0,300,0,450,N,0,0,,,,Others,40.871291,-73.914661,127
MANHATTAN,63          ,8TH AVENUE                      ,616,46,1011074,102,Y,GROUND,0,165,0,12,N,0,0,,,Y,Others,40.739027,-74.003544,249
MANHATTAN,112         ,WEST 34 STREET                  ,809,53,1015201,105,Y,WALL,0,293,0,78,N,0,0,,,,Others,40.749992,-73.988653,186
MANHATTAN,227         ,WEST 43RD STREET                ,1015,7501,1088760,105,Y,WALL,0,792,0,152,N,0,0,,,Y,Others,40.75711949459346,-73.98740629882249,230
MANHATTAN,227         ,WEST 43RD STREET                ,1015,7501,1088760,105,Y,WALL,0,792,0,152,N,0,0,,,Y,Others,40.75711949459346,-73.98740629882249,230
MANHATTAN,227         ,WEST 43RD STREET                ,1015,7501,1088760,105,Y,WALL,0,254,0,260,N,0,0,,,Y,Others,40.75711949459346,-73.98740629882249,230
MANHATTAN,1530        ,BROADWAY                        ,997,1,1022624,105,Y,ROOF,948,0,0,408,N,0,0,,,,Others,40.757674,-73.985121,230
MANHATTAN,1530        ,BROADWAY                        ,997,1,1022624,105,Y,ROOF,948,0,0,408,N,0,0,,,,Others,40.757674,-73.985121,230
MANHATTAN,1530        ,BROADWAY                        ,997,1,1022624,105,Y,ROOF,936,0,0,1705,N,0,0,,,,Others,40.757674,-73.985121,230
MANHATTAN,1530        ,BROADWAY                        ,997,1,1022624,105,Y,ROOF,948,0,0,1705,N,0,0,,,,Others,40.757674,-73.985121,230
MANHATTAN,4320        ,BROADWAY                        ,2167,1,1081882,112,,WALL,0,528,0,672,N,0,0,,,,Others,40.852231,-73.934473,243
MANHATTAN,421         ,7TH AVENUE                      ,809,1,1015192,105,Y,WALL,0,1176,0,2600,N,0,0,,,,Others,40.750374,-73.990851,186
MANHATTAN,421         ,7TH AVENUE                      ,809,1,1015192,105,Y,WALL,0,1176,0,2795,N,0,0,,,,Others,40.750374,-73.990851,186
MANHATTAN,598         ,GREENWICH STREET                ,600,29,1010380,102,Y,WALL,0,36,0,97,N,0,0,,,,Others,40.72937867962749,-74.00847889867613,158
MANHATTAN,598         ,GREENWICH STREET                ,600,29,1010380,102,Y,WALL,0,36,0,219,N,0,0,,,,Others,40.72937867962749,-74.00847889867613,158
MANHATTAN,427         ,7TH AVENUE                      ,809,4,1087308,105,Y,ROOF,216,720,0,378,N,0,0,,,,Others,40.750492,-73.99076,186
MANHATTAN,46          ,WEST 36 STREET                  ,837,71,1015911,105,,WALL,0,24,0,96,N,0,0,,,,Others,40.750414,-73.985516,164
MANHATTAN,500         ,8 AVENUE                        ,785,1,1014421,105,,WALL,0,50,0,140,N,0,0,,,,Others,40.753064,-73.992608,100
MANHATTAN,1777        ,PARK AVENUE                     ,1771,72,1054423,111,,WALL,0,68,0,140,N,0,0,,,,Others,40.803611400328315,-73.94007221274573,74
MANHATTAN,500         ,8 AVENUE                        ,785,1,1014421,105,,WALL,0,50,0,100,N,0,0,,,,Others,40.753064,-73.992608,100
MANHATTAN,1777        ,PARK AVENUE                     ,1771,72,1054423,111,,WALL,0,76,0,180,N,0,0,,,,Others,40.803611400328315,-73.94007221274573,74
MANHATTAN,555         ,WEST 57TH ST                    ,1086,1,1027072,104,,WALL,0,466,0,687,N,0,0,,,,Others,40.77021,-73.990588,50
MANHATTAN,555         ,WEST 57TH ST                    ,1086,1,1027072,104,,WALL,0,532,0,159,N,0,0,,,,Others,40.77021,-73.990588,50
MANHATTAN,427         ,7TH AVENUE                      ,809,4,1087308,105,Y,ROOF,216,720,0,211,N,0,0,,,,Others,40.750492,-73.99076,186
MANHATTAN,555         ,WEST 57TH ST                    ,1086,1,1027072,104,,WALL,0,494,0,687,N,0,0,,,,Others,40.77021,-73.990588,50
MANHATTAN,3           ,TIMES SQUARE                    ,1014,33,1024686,105,Y,WALL,0,924,0,764,N,0,0,,,,Others,40.756697,-73.986699,230
MANHATTAN,281         ,LAFAYETTE ST                    ,510,33,1007937,102,,ROOF,168,469,0,196,N,0,0,,,,Others,40.723961,-73.996053,144
MANHATTAN,80          ,UNIVERSITY PLACE                ,569,28,1009287,102,,WALL,0,132,0,7,N,0,0,,,,Others,40.733472,-73.993361,113
MANHATTAN,2144        ,THIRD AVENUE                    ,1645,33,1052347,111,,WALL,0,144,0,10,N,0,0,,,,Others,40.7988,-73.939618,74
